{
  "ticker_universe_count": 43,
  "tickers_with_prices": 41,
  "countries_with_country_daily_returns": 14,
  "annual_public_re_validation": {
    "sample": "annual_public_re_validation",
    "nobs_test": 116,
    "countries": 12,
    "periods_eval": 11,
    "corr_pred_hpi_to_re_return": -0.07724091074543875,
    "corr_actual_hpi_to_re_return": 0.0011789056514977436,
    "corr_feonly_to_re_return": -0.17923060955922313,
    "rmse_signal_vs_re_return_units": 25.69293502115847,
    "mae_signal_vs_re_return_units": 19.925706684296184,
    "mean_rank_ic": 0.24529561347743165,
    "median_rank_ic": 0.23636363636363636,
    "mean_top_minus_bottom_pp": 7.578544434931152,
    "median_top_minus_bottom_pp": 8.619517316720506,
    "mean_k_tail": 3.0,
    "mean_tail_frac_realized": 0.29462809917355365,
    "mean_top_return_pp": 12.733383279943034,
    "mean_bottom_return_pp": 5.154838845011881,
    "mean_rank_ic_fe_only": 0.14356855265946178,
    "mean_top_minus_bottom_pp_fe_only": 8.24105677329842,
    "median_top_minus_bottom_pp_fe_only": 12.191517195742387,
    "mean_k_tail_fe_only": 3.0,
    "annualized_top_bottom_return_pct": 7.578544434931153,
    "annualized_top_bottom_vol_pct": 12.277187572811942,
    "top_bottom_sharpe_0rf": 0.6172866863836128,
    "top_bottom_sortino_0rf": 2.0842741298548852,
    "annualized_top_leg_return_pct": 12.733383279943034,
    "annualized_top_leg_vol_pct": 16.340694436342716,
    "top_leg_sharpe_0rf": 0.7792437053117645,
    "top_leg_sortino_0rf": NaN,
    "annualized_short_leg_return_pct": -5.154838845011882,
    "annualized_short_leg_vol_pct": 19.708982597168564,
    "short_leg_sharpe_0rf": -0.26154768870476536,
    "short_leg_sortino_0rf": -0.46172121775676805,
    "annualized_top_bottom_return_pct_fe_only": 8.24105677329842,
    "annualized_top_bottom_vol_pct_fe_only": 13.370499039066983,
    "top_bottom_sharpe_0rf_fe_only": 0.6163611955858227,
    "top_bottom_sortino_0rf_fe_only": 1.877616384831733
  },
  "quarterly_public_re_validation": {
    "sample": "quarterly_public_re_validation",
    "nobs_test": 824,
    "countries": 12,
    "periods_eval": 85,
    "corr_pred_hpi_to_re_return": -0.004996368976533025,
    "corr_actual_hpi_to_re_return": 0.034474312151441075,
    "corr_feonly_to_re_return": 0.000522796543101334,
    "rmse_signal_vs_re_return_units": 221.63410143875944,
    "mae_signal_vs_re_return_units": 19.521230208623077,
    "mean_rank_ic": 0.05545709192768016,
    "median_rank_ic": 0.05454545454545456,
    "mean_top_minus_bottom_pp": 26.163177117734627,
    "median_top_minus_bottom_pp": 1.5664347992403007,
    "mean_k_tail": 2.8117647058823527,
    "mean_tail_frac_realized": 0.2896434937611408,
    "mean_top_return_pp": 27.589033009397536,
    "mean_bottom_return_pp": 1.4258558916629112,
    "mean_rank_ic_fe_only": 0.025956200662083012,
    "mean_top_minus_bottom_pp_fe_only": 0.18244946882122282,
    "median_top_minus_bottom_pp_fe_only": 1.302099950579409,
    "mean_k_tail_fe_only": 2.8117647058823527,
    "annualized_top_bottom_return_pct": 104.6527084709385,
    "annualized_top_bottom_vol_pct": 460.54771399872277,
    "top_bottom_sharpe_0rf": 0.2272353228339523,
    "top_bottom_sortino_0rf": 6.214789502078487,
    "annualized_top_leg_return_pct": 110.35613203759016,
    "annualized_top_leg_vol_pct": 459.90707970222235,
    "top_leg_sharpe_0rf": 0.23995310554697882,
    "top_leg_sortino_0rf": 7.544148319359159,
    "annualized_short_leg_return_pct": -5.703423566651644,
    "annualized_short_leg_vol_pct": 27.53963342602509,
    "short_leg_sharpe_0rf": -0.20709874668345732,
    "short_leg_sortino_0rf": -0.33449880872649124,
    "annualized_top_bottom_return_pct_fe_only": 0.729797875284891,
    "annualized_top_bottom_vol_pct_fe_only": 20.950014792612357,
    "top_bottom_sharpe_0rf_fe_only": 0.03483519618049344,
    "top_bottom_sortino_0rf_fe_only": 0.03987103276471771
  },
  "annual_public_re_validation_daily_strategy": {
    "sample": "annual_public_re_validation",
    "daily_ann_long_short_return_pct": 11.445848845477503,
    "daily_ann_long_short_vol_pct": 16.562619116526154,
    "daily_long_short_sharpe_0rf": 0.6910651488723093,
    "daily_long_short_sortino_0rf": 0.7661235416428992,
    "daily_ann_top_leg_return_pct": 6.073924895102502,
    "daily_ann_top_leg_vol_pct": 25.66814073245183,
    "daily_top_leg_sharpe_0rf": 0.23663283439237712,
    "daily_ann_short_leg_return_pct": 3.3296820289234974,
    "daily_ann_short_leg_vol_pct": 27.193519371774812,
    "daily_short_leg_sharpe_0rf": 0.1224439537744975,
    "daily_n_days": 3046,
    "daily_sample_years": 18.99520876112252,
    "fe_only_daily_ann_long_short_return_pct": 5.187228543708584,
    "fe_only_daily_ann_long_short_vol_pct": 15.299979928178741,
    "fe_only_daily_long_short_sharpe_0rf": 0.33903499011492194,
    "fe_only_daily_long_short_sortino_0rf": 0.4470936913874564,
    "fe_only_daily_ann_top_leg_return_pct": 5.81824175124418,
    "fe_only_daily_ann_top_leg_vol_pct": 24.11721796511249,
    "fe_only_daily_top_leg_sharpe_0rf": 0.2412484623915054,
    "fe_only_daily_ann_short_leg_return_pct": -1.0282892558379912,
    "fe_only_daily_ann_short_leg_vol_pct": 25.896289987383696,
    "fe_only_daily_short_leg_sharpe_0rf": -0.0397079757887697,
    "fe_only_daily_n_days": 3554,
    "fe_only_daily_sample_years": 18.99520876112252
  },
  "quarterly_public_re_validation_daily_strategy": {
    "sample": "quarterly_public_re_validation",
    "daily_ann_long_short_return_pct": 97.18323470657153,
    "daily_ann_long_short_vol_pct": 416.35819712253976,
    "daily_long_short_sharpe_0rf": 0.23341256489774168,
    "daily_long_short_sortino_0rf": 3.6050106739179824,
    "daily_ann_top_leg_return_pct": 103.80344155644647,
    "daily_ann_top_leg_vol_pct": 411.49784196816785,
    "daily_top_leg_sharpe_0rf": 0.25225755999098626,
    "daily_ann_short_leg_return_pct": -9.675297544967158,
    "daily_ann_short_leg_vol_pct": 29.590398432181324,
    "daily_short_leg_sharpe_0rf": -0.32697422331578657,
    "daily_n_days": 4979,
    "daily_sample_years": 21.248459958932237,
    "fe_only_daily_ann_long_short_return_pct": 65.66768381358513,
    "fe_only_daily_ann_long_short_vol_pct": 310.5610139828612,
    "fe_only_daily_long_short_sharpe_0rf": 0.21144857485946097,
    "fe_only_daily_long_short_sortino_0rf": 2.5364361178554953,
    "fe_only_daily_ann_top_leg_return_pct": 73.7386636966675,
    "fe_only_daily_ann_top_leg_vol_pct": 297.49578191132457,
    "fe_only_daily_top_leg_sharpe_0rf": 0.24786456877780874,
    "fe_only_daily_ann_short_leg_return_pct": -12.450903402847164,
    "fe_only_daily_ann_short_leg_vol_pct": 27.91522329802335,
    "fe_only_daily_short_leg_sharpe_0rf": -0.4460255707045983,
    "fe_only_daily_n_days": 5056,
    "fe_only_daily_sample_years": 21.248459958932237
  }
}