model,model_label,nobs,rmse,mae,corr
fe_only,FE-only,247,5.894469447171535,4.675405772498179,0.15781778314650016
release_aware,Release-aware full model,247,5.975976107629724,4.385637006845742,0.22672622938849607
